"id","property_code","property_serial","offer_type","title","description","property_type","location","allocation_status","assigned_to","price","created_at","image","land_area","builtup_area","floor_area","no_of_floors","bedrooms","bedrooms_ac","bedrooms_non_ac","bathrooms","parking_spaces","built_year","furnishing_status","features","owner_id","updated_at","deleted_at","latitude","longitude","city","district","project_id","rental_yield","lease_term_months","maintenance_cost","commission_percent"
"30","RA-000001","1","rent","Elelments...............................................................................","32D","apartment","Rajagiriya","unallocated","2","380000.00","2026-03-15 19:25:57","/uploads/properties/prop_69b6bb12435d2.jpg",NULL,NULL,"1680.00","35","3","3",NULL,"3","2","2019","fully_furnished","[""swimming_pool"", ""roof_garden"", ""maids_room"", ""bbq_area"", ""hot_water_solar"", ""hot_water_electric"", ""main_line_water"", ""electricity_single"", ""electricity_three"", ""fire_alarm""]","18","2026-05-18 20:01:01",NULL,NULL,NULL,"Rajagiriya","Colombo",NULL,NULL,NULL,NULL,NULL
"31","RA-000002","2","rent","CCC 2 bedrooms rent colombo 2","27th floor type 03","apartment","Colombo 2","unallocated","2","650000.00","2026-03-15 19:48:56","/uploads/properties/prop_69b6bfd04a183.jpeg",NULL,NULL,"1100.00","47","2","2",NULL,"2","1","2020",NULL,"[""swimming_pool"", ""roof_garden"", ""bbq_area"", ""pool_bar"", ""hot_water_solar"", ""hot_water_electric"", ""main_line_water"", ""electricity_three"", ""fire_alarm""]","19","2026-04-22 10:25:48",NULL,NULL,NULL,"Colombo 2","Colombo",NULL,NULL,"12",NULL,NULL
"32","RA-000003","3","rent","Cinnamon life 2 bedrooms rent","27th floor type 5","apartment","Colombo 2","unallocated","2","600000.00","2026-03-15 20:02:22","/uploads/properties/prop_69b6c2f65a403.jpg",NULL,NULL,"1267.00","45","2","2",NULL,"2","1","2024",NULL,"[""swimming_pool"", ""roof_garden"", ""bbq_area"", ""pool_bar"", ""hot_water_solar"", ""hot_water_electric"", ""main_line_water"", ""electricity_three""]","21","2026-04-22 10:25:48",NULL,NULL,NULL,"Colombo 2","Colombo",NULL,NULL,"12",NULL,NULL
"33","RA-000004","4","rent","Cinnamon life residence 2 bedrooms Colombo 2 rent","Residence tower 28th floor type 1 for rent","apartment","Colombo 2","unallocated","2","600000.00","2026-03-15 20:08:42","/uploads/properties/prop_69b6c472126e2.jpg",NULL,NULL,"1267.00","45","2","2",NULL,"2","1","2024","fully_furnished","[""swimming_pool"", ""roof_garden"", ""bbq_area"", ""pool_bar"", ""hot_water_solar"", ""hot_water_electric"", ""main_line_water"", ""electricity_three""]","22","2026-04-22 10:25:48",NULL,NULL,NULL,"Colombo 2","Colombo",NULL,NULL,"12",NULL,NULL
"34","RA-000005","5","rent","Cinnamon life 2 bedrooms Residence Colombo 2 rent","9th floor rent","apartment","Colombo 2","unallocated","2","530000.00","2026-03-15 20:25:40","/uploads/properties/prop_69b6c86c3ea81.jpg",NULL,NULL,"1267.00","45","2","2",NULL,"2","1","2024","fully_furnished","[""swimming_pool"", ""roof_garden"", ""bbq_area"", ""pool_bar"", ""hot_water_solar"", ""hot_water_electric"", ""main_line_water"", ""electricity_three""]","23","2026-04-22 10:25:48",NULL,NULL,NULL,"Colombo 2","Colombo",NULL,NULL,"12",NULL,NULL
"35","RA-000006","6","rent","Altair 3bedrooms Colombo 2 rent","2oth floor F type","apartment","Colombo 2","unallocated","2","600000.00","2026-03-15 20:38:47","/uploads/properties/prop_69b6cb7e9cfd7.jpg",NULL,NULL,"1468.00","65","3","3",NULL,"2","1","2021","fully_furnished","[""swimming_pool"", ""roof_garden"", ""maids_room"", ""bbq_area"", ""pool_bar"", ""hot_water_electric"", ""main_line_water"", ""electricity_three"", ""fire_alarm""]","24","2026-04-22 10:25:48",NULL,NULL,NULL,"Colombo 2","Colombo",NULL,NULL,NULL,NULL,NULL
"36","RA-000007","7","rent","Clearpoint 3 bedrooms Rajagiriya Rent","27th floor A type apartment","apartment","Rajagiriya","unallocated","2","775000.00","2026-03-15 20:49:57","/uploads/properties/prop_69b6ce1d99b18.jpeg",NULL,NULL,"2400.00",NULL,"3","3",NULL,"3","2","2017","fully_furnished","[""swimming_pool"", ""sauna"", ""roof_garden"", ""maids_room"", ""bbq_area"", ""pool_bar"", ""hot_water_solar"", ""main_line_water"", ""electricity_three"", ""solar_power""]","25","2026-04-22 10:25:48",NULL,NULL,NULL,"Rajagiriya","Colombo",NULL,NULL,NULL,NULL,NULL
"37","RA-000008","8","rent","Capital Heights 2 bedrooms rent Rajagiriya","30D2 Capital heights 2 bedrooms rent","apartment","Rajagiriya","unallocated","2","320000.00","2026-03-15 21:15:32","/uploads/properties/prop_69b6d41c2de4f.jpeg",NULL,NULL,"1180.00",NULL,"2","2",NULL,"2","1",NULL,"fully_furnished","[""swimming_pool"", ""roof_garden"", ""maids_room"", ""bbq_area"", ""pool_bar"", ""hot_water_electric"", ""main_line_water"", ""electricity_three""]","26","2026-04-22 10:25:48",NULL,NULL,NULL,"Rajagiriya","Colombo",NULL,NULL,NULL,NULL,NULL
"38","RA-000009","9","rent","Iconic Galaxy 2 bedrooms Rajagiriya - Rent","16th floor 12 type 2 bedrooms apartment rent","apartment","Rajagiriya","unallocated","2","330000.00","2026-03-15 21:34:17","/uploads/properties/prop_69b6d880bfae1.jpg",NULL,NULL,"1205.00","33","2","2",NULL,"2","1","2020","fully_furnished","[""swimming_pool"", ""roof_garden"", ""maids_room"", ""bbq_area"", ""hot_water_electric"", ""main_line_water"", ""electricity_three""]","27","2026-04-22 10:25:48",NULL,NULL,NULL,"Rajagiriya","Colombo",NULL,NULL,NULL,NULL,NULL
"39","RA-000010","10","rent","Iconic Galaxy 2 bedrooms Rajagiriya rent","12th floor Iconic galaxy","apartment","Rajagiriya","unallocated","2","350000.00","2026-03-15 21:39:09","/uploads/properties/prop_69b6d9a51a15a.jpg",NULL,NULL,"1205.00","33","2","2",NULL,"2","1","2020","fully_furnished","[""swimming_pool"", ""roof_garden"", ""maids_room"", ""bbq_area"", ""pool_bar"", ""hot_water_electric"", ""main_line_water"", ""electricity_three"", ""fire_alarm""]","28","2026-04-22 10:25:48",NULL,NULL,NULL,"Rajagiriya","Colombo","13",NULL,NULL,NULL,NULL
"40","RA-000011","11","rent","4 bedrooms Elements Rent - Rajagiriya","23rd floor C type","apartment","Rajagiriya","unallocated","2","425000.00","2026-03-17 04:36:55","/uploads/properties/prop_69b88d0ee6fae.jpg",NULL,NULL,"2150.00","35","4","4",NULL,"4","2","2019","unfurnished","[""swimming_pool"", ""roof_garden"", ""maids_room"", ""bbq_area"", ""hot_water_electric"", ""main_line_water"", ""electricity_three""]","32","2026-04-22 10:25:48",NULL,NULL,NULL,"Rajagiriya","Colombo",NULL,NULL,NULL,NULL,NULL
"41","RA-000012","12","rent","Clearpoint 3 bedrooms Rent - Rajagiriya","43rd floor Adamas peak view furnished apartment with 3 bedrooms and 2.5 washrooms","apartment","Rajagiriya","unallocated","2","500000.00","2026-03-17 04:49:21","/uploads/properties/prop_69b88ff951639.jpg",NULL,NULL,"2400.00","46","3","3",NULL,"3","2","2017","fully_furnished","[""swimming_pool"", ""sauna"", ""roof_garden"", ""maids_room"", ""bbq_area"", ""hot_water_electric"", ""main_line_water"", ""electricity_three"", ""solar_power"", ""fire_alarm""]","33","2026-04-22 10:25:48",NULL,NULL,NULL,"Rajagiriya","Colombo",NULL,NULL,NULL,NULL,NULL
"42","RA-000013","13","rent","Clearpoint 3 bedrooms Rent - Rajagiriya","Higher 25th  floor D type apartment","apartment","Rajagiriya","unallocated","2","525000.00","2026-03-17 04:58:32","/uploads/properties/prop_69b8921fd340f.jpg",NULL,NULL,"2400.00","46","3","3","0","3","2","2017","fully_furnished","[""swimming_pool"", ""sauna"", ""roof_garden"", ""maids_room"", ""bbq_area"", ""hot_water_solar"", ""main_line_water"", ""electricity_three"", ""solar_power"", ""fire_alarm""]","34","2026-04-22 10:25:48",NULL,NULL,NULL,"Rajagiriya","Colombo",NULL,NULL,NULL,"75000.00",NULL
"43","RA-000014","14","rent","Clearpoint 3 bedrooms Rent - Rajagiriya","35th floor B type furnished apartment","apartment","Rajagiriya","unallocated","2","625000.00","2026-03-17 05:08:50","/uploads/properties/prop_69b894898faee.jpg",NULL,NULL,"2400.00","46","3","3","0","3","2","2017","fully_furnished","[""swimming_pool"", ""sauna"", ""roof_garden"", ""maids_room"", ""bbq_area"", ""pool_bar"", ""hot_water_solar"", ""main_line_water"", ""electricity_three"", ""solar_power"", ""fire_alarm""]","35","2026-04-22 10:25:48",NULL,NULL,NULL,"Rajagiriya","Colombo",NULL,NULL,NULL,"75000.00",NULL
"44","RA-000015","15","rent","Clearpoint 3 bedrooms rent - Rajagiriya","7th floor B type apartment","apartment","Rajagiriya","unallocated","2","425000.00","2026-03-17 05:14:59","/uploads/properties/prop_69b895fb9c300.jpeg",NULL,NULL,"2400.00","46","3","3","0","3","2","2017","fully_furnished","[""swimming_pool"", ""sauna"", ""roof_garden"", ""maids_room"", ""bbq_area"", ""hot_water_solar"", ""main_line_water"", ""electricity_three"", ""solar_power"", ""fire_alarm""]","36","2026-04-22 10:25:48",NULL,NULL,NULL,"Rajagiriya","Colombo",NULL,NULL,NULL,"75000.00",NULL
"45","RA-000016","16","rent","Clearpoint 3 bedrooms apartment Rent - Rajagiriya","14th floor A type Apartment","apartment","Rajagiriya","unallocated","2","500000.00","2026-03-17 05:22:37","/uploads/properties/prop_69b897c544c54.jpg",NULL,NULL,"2400.00","46","3","3","0","3","2","2017","fully_furnished","[""swimming_pool"", ""sauna"", ""roof_garden"", ""maids_room"", ""bbq_area"", ""hot_water_solar"", ""hot_water_electric"", ""main_line_water"", ""electricity_three"", ""solar_power"", ""fire_alarm""]","37","2026-04-22 10:25:48",NULL,NULL,NULL,"Rajagiriya","Colombo",NULL,NULL,NULL,"75000.00",NULL
"46","RA-000017","17","rent","Clearpoint 3 bedrooms Rent - Rajagiriya","35th floor A type Apartment","apartment","Rajagiriya","unallocated","2","525000.00","2026-03-17 05:31:37","/uploads/properties/prop_69b899e1300e3.jpg",NULL,NULL,"2400.00","46","3","3","0","3","2","2017","fully_furnished","[""swimming_pool"", ""sauna"", ""roof_garden"", ""maids_room"", ""bbq_area"", ""hot_water_solar"", ""main_line_water"", ""electricity_three"", ""solar_power""]","38","2026-04-22 10:25:48",NULL,NULL,NULL,"Rajagiriya","Colombo",NULL,NULL,NULL,"75000.00",NULL
"47","RA-000018","18","rent","Clearpoint 3 bedrooms Rent - Rajagiriya","27th floor D type apartment","apartment","Rajagiriya","unallocated","2","525000.00","2026-03-17 05:42:59","/uploads/properties/prop_69b89c8a9431b.jpg",NULL,NULL,"2400.00","46","3","3","0","3","2","2017","fully_furnished","[""swimming_pool"", ""sauna"", ""roof_garden"", ""maids_room"", ""bbq_area"", ""pool_bar"", ""hot_water_solar"", ""hot_water_electric"", ""main_line_water"", ""electricity_three"", ""solar_power""]","39","2026-04-22 10:25:48",NULL,NULL,NULL,"Rajagiriya","Colombo",NULL,NULL,NULL,"75000.00",NULL
"48","RA-000019","19","rent","Clearpoint 3 bedrooms rent - Rajagiriya","7 B apartment furnished","apartment","Rajagiriya","unallocated","2","525000.00","2026-03-17 05:47:52","/uploads/properties/prop_69b89db09ad31.jpeg",NULL,NULL,"2400.00","46","3","3","0","3","2","2017","fully_furnished","[""swimming_pool"", ""sauna"", ""roof_garden"", ""maids_room"", ""bbq_area"", ""main_line_water"", ""electricity_three"", ""solar_power"", ""fire_alarm""]","40","2026-04-22 10:25:48",NULL,NULL,NULL,"Rajagiriya","Colombo",NULL,NULL,NULL,"75000.00",NULL
"49","RA-000020","20","rent","Clearpoint 3 bedrooms rent - Rajagiriya","31st  floor A type unfurnished apartment rent","apartment","Rajagiriya","unallocated","2","400000.00","2026-03-17 05:52:22","/uploads/properties/prop_69b89ebe81369.jpeg",NULL,NULL,"2400.00","46","3","3","0","3","2","2017","unfurnished","[""swimming_pool"", ""sauna"", ""roof_garden"", ""maids_room"", ""bbq_area"", ""pool_bar"", ""hot_water_solar"", ""main_line_water"", ""electricity_three"", ""solar_power""]","41","2026-04-22 10:25:48",NULL,NULL,NULL,"Rajagiriya","Colombo",NULL,NULL,NULL,"75000.00",NULL
"50","RA-000021","21","rent","Luna Tower 2 bedrooms apartment Rent - Colombo 2","Higher floor furnished apartment at Luna Tower","apartment","Colombo 2","unallocated","2","325000.00","2026-03-19 14:04:37","/uploads/properties/prop_69bbb51cafb3b.jpg",NULL,NULL,"1001.00","44","2","2","1","2","1","2022",NULL,"[""swimming_pool"", ""roof_garden"", ""maids_room"", ""bbq_area"", ""pool_bar"", ""hot_water_electric"", ""main_line_water"", ""electricity_three"", ""fire_alarm""]","60","2026-04-22 10:25:48",NULL,NULL,NULL,"Colombo 2","Colombo 2",NULL,NULL,NULL,NULL,NULL
"51","RA-000022","22","rent","Luna Tower 2 bedrooms Rent - Colombo 2","Luna 849sqft furnished apartment on 26th floor","apartment","Colombo 2","unallocated","2","350000.00","2026-03-19 14:10:33","/uploads/properties/prop_69bbb681409cd.jpg",NULL,NULL,"849.00","44","2","2","1","2","1","2022","fully_furnished","[""swimming_pool"", ""sauna"", ""roof_garden"", ""maids_room"", ""bbq_area"", ""pool_bar"", ""hot_water_electric"", ""main_line_water"", ""electricity_three""]","61","2026-04-22 10:25:48",NULL,NULL,NULL,"Colombo 2","Colombo 2",NULL,NULL,NULL,NULL,NULL
"53","RA-000023","23","rent","Fairmount 3 bedrooms rent - Rajagiriya","18th floor Furnished apartment - 18 D","apartment","Rajagiriya","unallocated","2","250000.00","2026-03-19 14:25:26","/uploads/properties/prop_69bbb9fe8f573.jpg",NULL,NULL,"1580.00","30","3","3","3","3","1","2010","fully_furnished","[""swimming_pool"", ""sauna"", ""roof_garden"", ""maids_room"", ""bbq_area"", ""pool_bar"", ""hot_water_solar"", ""hot_water_electric"", ""main_line_water"", ""electricity_three""]","63","2026-04-22 10:25:48",NULL,NULL,NULL,"Rajagiriya","Colombo",NULL,NULL,NULL,NULL,NULL
"54","RA-000024","24","rent","Fairmount 3 bedrooms rent -Rajagiriya","Fairmount 21A","apartment","Rajagiriya","unallocated","2","250000.00","2026-03-19 14:38:54","/uploads/properties/prop_69bbbd26e4572.jpg",NULL,NULL,"1580.00","30","3","3","3","3","1","2010","fully_furnished","[""swimming_pool"", ""roof_garden"", ""maids_room"", ""bbq_area"", ""hot_water_solar"", ""hot_water_electric"", ""main_line_water"", ""electricity_three""]","64","2026-04-22 10:25:48",NULL,NULL,NULL,"Rajagiriya","Colombo",NULL,NULL,NULL,NULL,NULL
"55","RA-000025","25","rent","Trizen 2 bedrooms Apartment Colombo 2 - Rent","Trizen Tower 3 22 B 9","apartment","Colombo 2","unallocated","2","375000.00","2026-03-20 19:02:22","/uploads/properties/prop_69bd4c66c67d1.jpeg",NULL,NULL,"721.00","50","2","2","3","2","1","2025","fully_furnished","[""swimming_pool"", ""sauna"", ""bbq_area"", ""pool_bar"", ""hot_water_electric"", ""main_line_water"", ""electricity_three""]","65","2026-04-22 10:25:48",NULL,NULL,NULL,"Colombo 2","Colombo",NULL,NULL,NULL,NULL,NULL
"56","RA-000026","26","rent","Trizen 2 bedrooms apartment rent - Colombo 2","Trizen 2 bedrooms 15 B3","apartment","Colombo 2","unallocated","2","310000.00","2026-03-20 19:14:56","/uploads/properties/prop_69bd4f58b509e.jpg",NULL,NULL,"721.00","50","2","2","3","1","1","2025","fully_furnished","[""swimming_pool"", ""sauna"", ""roof_garden"", ""bbq_area"", ""pool_bar"", ""hot_water_solar"", ""hot_water_electric"", ""main_line_water"", ""electricity_three""]","66","2026-04-22 10:25:48",NULL,NULL,NULL,"Colombo 2","Colombo",NULL,NULL,NULL,NULL,NULL
"57","RA-000027","27","rent","Trizen 2 bedrooms Rent - Colombo 2","25 C4 Tower 3","apartment","Colombo 2","unallocated","2","310000.00","2026-03-20 19:28:17","/uploads/properties/prop_69bd527871219.jpg",NULL,NULL,"1041.00","50","3","2","0","2","1","2025","fully_furnished","[""swimming_pool"", ""sauna"", ""roof_garden"", ""bbq_area"", ""pool_bar"", ""hot_water_solar"", ""hot_water_electric"", ""main_line_water"", ""electricity_three""]","67","2026-04-22 10:25:48",NULL,NULL,NULL,"Colombo 2","Colombo",NULL,NULL,NULL,NULL,NULL
"58","RA-000028","28","rent","Trizen 2 bedrooms apartment at Trizen rent - Colombo 2","Tower 3 25th floor furnished apartment B 3 type","apartment","Colombo 2","unallocated","2","430000.00","2026-03-29 13:34:55","/uploads/properties/prop_69c8dd27deb2b.jpeg",NULL,NULL,"721.00","50","2","2","0","1","1","2025","fully_furnished","[""swimming_pool"", ""bbq_area"", ""pool_bar"", ""hot_water_electric"", ""main_line_water"", ""electricity_three""]","68","2026-04-22 10:25:48",NULL,NULL,NULL,"Colombo 2","Colombo",NULL,NULL,NULL,NULL,NULL
"60","RA-000029","29","rent","Elements 3 bedrooms Rent - Rajagiriya","Elements 12 th floor D type apartment","apartment","Rajagiriya","unallocated","2","300000.00","2026-03-29 13:58:59","/uploads/properties/prop_69c8e2cb2b579.jpg",NULL,NULL,"1680.00","33","3","3","0","2","2","2019","fully_furnished","[""swimming_pool"", ""sauna"", ""roof_garden"", ""maids_room"", ""bbq_area"", ""hot_water_electric"", ""main_line_water"", ""electricity_three""]","70","2026-04-22 10:25:48",NULL,NULL,NULL,"Rajagiriya","Colombo",NULL,NULL,NULL,NULL,NULL
"61","RA-000030","30","rent","Elements 4 bedrooms apartment Rent - Rajagiriya","23rd floor Type C available for rent","apartment","Rajagiriya","unallocated","2","425000.00","2026-03-29 14:06:44","/uploads/properties/prop_69c8e49c9f48d.jpg",NULL,NULL,"2250.00","33","4","4","0","4","2","2019","unfurnished","[""swimming_pool"", ""roof_garden"", ""maids_room"", ""bbq_area"", ""pool_bar"", ""hot_water_electric"", ""main_line_water"", ""electricity_three""]","71","2026-04-22 10:25:48",NULL,NULL,NULL,"Rajagiriya","Colombo",NULL,NULL,NULL,NULL,NULL
"62","RA-000031","31","rent","Elements 3 bedrooms rent - Rajagiriya","33 B apartment furnished","apartment","Rajagiriya","unallocated","2","375000.00","2026-03-29 15:04:21","/uploads/properties/prop_69c8f21d6eeaf.jpg",NULL,NULL,"1700.00","34","3","3","0","2","2","2019","fully_furnished","[""swimming_pool"", ""roof_garden"", ""maids_room"", ""bbq_area"", ""hot_water_electric"", ""main_line_water"", ""electricity_three"", ""fire_alarm""]","72","2026-04-22 10:25:48",NULL,NULL,NULL,"Rajagiriya","Colombo",NULL,NULL,NULL,NULL,NULL
"63","RA-000032","32","rent","Elements 3 bedrooms Rent - Rajagiriya","16D Elements","apartment","Rajagiriya","unallocated","2","350000.00","2026-03-29 15:19:25","/uploads/properties/prop_69c8f5a5ac0c6.jpg",NULL,NULL,"1700.00","34","3","3","0","2","2","2019","semi_furnished","[""swimming_pool"", ""roof_garden"", ""maids_room"", ""bbq_area"", ""hot_water_electric"", ""main_line_water"", ""electricity_three""]","73","2026-04-22 10:25:48",NULL,NULL,NULL,"Rajagiriya","Colombo",NULL,NULL,NULL,NULL,NULL
"64","RA-000033","33","rent","Sky gardens 4 bedrooms apartment rent - Rajagiriya","24 B","apartment","Rajagiriya","unallocated","2","430000.00","2026-03-30 19:21:55","/uploads/properties/prop_69ca7ffb3709e.jpg",NULL,NULL,"2250.00","34","4","4","0","4","2","2017",NULL,"[""swimming_pool"", ""roof_garden"", ""maids_room"", ""bbq_area"", ""pool_bar"", ""hot_water_electric"", ""main_line_water"", ""electricity_three"", ""solar_power"", ""fire_alarm""]","74","2026-04-22 10:25:48",NULL,NULL,NULL,"Rajagiriya","Colombo",NULL,NULL,NULL,NULL,NULL
"65","RA-000034","34","rent","Elements 4 bedrooms apartment at Rent - Rajagiriya","7 A","apartment","Rajagiriya","unallocated","2","430000.00","2026-03-30 19:47:21","/uploads/properties/prop_69ca85f0da90c.jpg",NULL,NULL,"2250.00","34","4","4","0","4","2","2019","fully_furnished","[""swimming_pool"", ""maids_room"", ""bbq_area"", ""pool_bar"", ""hot_water_electric"", ""main_line_water"", ""electricity_three"", ""solar_power""]","75","2026-04-22 10:25:48",NULL,NULL,NULL,"Rajagiriya","Colombo",NULL,NULL,NULL,NULL,NULL
"66","RA-000035","35","rent","Sky gardens 3 bedrooms rent - Rajagiriya","9C Sky gardens","apartment","Rajagiriya","unallocated","2","325000.00","2026-03-30 20:02:33","/uploads/properties/prop_69ca8980b5251.jpg",NULL,NULL,"1450.00","34","3","3","0","3","2","2017","fully_furnished","[""swimming_pool"", ""roof_garden"", ""maids_room"", ""bbq_area"", ""pool_bar"", ""hot_water_electric"", ""main_line_water"", ""electricity_three""]","76","2026-04-22 10:25:48",NULL,NULL,NULL,"Rajagiriya","Colombo",NULL,NULL,NULL,NULL,NULL
"67","RA-000036","36","rent","Fairmount 3 bedrooms apaprtment Rent - Rajajgiriya","4 B Fairmount","apartment","Rajagiriya","unallocated","2","250000.00","2026-03-30 20:17:17","/uploads/properties/prop_69ca8cf568581.jpg",NULL,NULL,"1580.00","31","3","3","0","3","2","2010","fully_furnished","[""swimming_pool""]","77","2026-04-22 10:25:48",NULL,NULL,NULL,"Rajagiriya","Colombo",NULL,NULL,NULL,NULL,NULL
"69","RA-000037","37","sale","Elements 3 bedrooms apartment rent - Rajagiriya","17 D Elements","apartment","Rajagiriya","unallocated","2","300000.00","2026-03-30 20:35:41","/uploads/properties/prop_69ca91456257d.jpg",NULL,NULL,"1700.00",NULL,"3","3","0","2","2","2019","fully_furnished","[""swimming_pool""]","79","2026-04-22 10:25:48",NULL,NULL,NULL,"Rajagiriya","Colombo",NULL,NULL,NULL,NULL,NULL
"74","SA-000038","38","sale","Sky gardens 3bedrooms apartment Sale - Rajagiriya",,"apartment","Rajagiriya","unallocated","2","76500000.00","2026-04-04 15:58:22","/uploads/properties/prop_69d0e7c572c7c.jpg",NULL,NULL,"1480.00",NULL,"3","3","0","2","2","2018","fully_furnished","[""swimming_pool""]","85","2026-04-22 10:25:48",NULL,NULL,NULL,"Rajagiriya",NULL,NULL,NULL,NULL,NULL,NULL
"75","SA-000039","39","sale","Trizen 1 bedroom apartment at Sale -Colombo 2","Tower 2 , 23 A3 One bedroom apartment at Colombo 2 sale","apartment","Colombo 2","unallocated","2","58000000.00","2026-04-04 16:16:13","/uploads/properties/prop_69d0ebf5707a4.jpg",NULL,NULL,"520.00","50","1","1","0","1","1","2025","fully_furnished","[""swimming_pool"", ""roof_garden"", ""maids_room"", ""bbq_area"", ""pool_bar"", ""hot_water_solar"", ""hot_water_electric"", ""main_line_water"", ""electricity_three"", ""solar_power""]","86","2026-04-22 10:25:48",NULL,NULL,NULL,"Colombo 2","Colombo 2",NULL,NULL,NULL,NULL,NULL
"76","SA-000040","40","sale","Fairmount 3 bedrooms sale - Rajagiriya","4B apartment sale","apartment","Rajagiriya","unallocated","2","67000000.00","2026-04-04 16:44:39","/uploads/properties/prop_69d0f29f26528.jpg",NULL,NULL,"1580.00","33","1","1","0","1","1","2025","fully_furnished","[""swimming_pool"", ""roof_garden"", ""maids_room"", ""bbq_area"", ""pool_bar"", ""hot_water_electric"", ""main_line_water"", ""electricity_three""]","87","2026-04-22 10:25:48",NULL,NULL,NULL,"Rajagiriya","Colombo",NULL,NULL,NULL,NULL,NULL
"77","RA-000041","41","rent","Sky gardens 3 bedrooms rent","25 B unfurnished 4 bedrooms converted to 3 bedrooms","apartment","Rajagiriya","unallocated","2","430000.00","2026-04-04 18:01:29","/uploads/properties/prop_69d104a1bd148.jpeg",NULL,NULL,"2250.00","33","3","3","0","3","2","2017","unfurnished","[""swimming_pool"", ""roof_garden"", ""maids_room"", ""bbq_area"", ""hot_water_electric"", ""main_line_water"", ""electricity_three"", ""fire_alarm""]","88","2026-04-22 10:25:48",NULL,NULL,NULL,"Rajagiriya","Colombo",NULL,NULL,NULL,NULL,NULL
"78","RA-000042","42","rent","Sky gardens 3 bedrooms rent - Rajagiriya","25 B unfurnished 4 bedrooms converted to 3 bedrooms","apartment","Rajagiriya","unallocated","2","430000.00","2026-04-04 18:01:32","/uploads/properties/prop_69d104a4eb760.jpeg",NULL,NULL,"2250.00","33","3","3","0","3","2","2017","unfurnished","[""swimming_pool"", ""roof_garden"", ""maids_room"", ""bbq_area"", ""hot_water_electric"", ""main_line_water"", ""electricity_three"", ""fire_alarm""]","89","2026-04-22 10:25:48","2026-04-04 18:01:48",NULL,NULL,"Rajagiriya","Colombo",NULL,NULL,NULL,NULL,NULL
"79","RA-000043","43","rent","Altair 3 bedrooms rent - Colombo 2","F type apartment at Altair for rent furnished","apartment","Colombo 2","unallocated","2","600000.00","2026-04-05 02:42:09","/uploads/properties/prop_69d17ea9493f3.jpeg",NULL,NULL,"1486.00","65","3","3","0","3","1","2022","fully_furnished","[""swimming_pool"", ""roof_garden"", ""maids_room"", ""bbq_area"", ""pool_bar"", ""hot_water_electric"", ""main_line_water"", ""electricity_three""]","92","2026-04-22 10:25:48",NULL,NULL,NULL,"Colombo 2","Colombo",NULL,NULL,NULL,NULL,NULL
"80","SA-000044","44","sale","Marina Square 2 bedrooms for sale - Colombo 1","22nd  floor 2 bedrooms for sale","apartment","Colombo 1","unallocated","2","57000000.00","2026-04-05 02:53:09","/uploads/properties/prop_69d1813d6d43c.jpeg",NULL,NULL,"904.00","36","2","2","0","2","1","2022","unfurnished","[""swimming_pool"", ""maids_room"", ""bbq_area"", ""pool_bar"", ""hot_water_solar"", ""hot_water_electric"", ""main_line_water"", ""electricity_three""]","93","2026-04-22 10:25:48",NULL,NULL,NULL,"Colombo 1","Colombo",NULL,NULL,NULL,NULL,NULL
"81","RA-000045","45","rent","Capital Heights 2 bedrooms Rent - Rajagiriya","29 D 2 type fully furnished unit","apartment","Rajagiriya","unallocated","2","280000.00","2026-04-05 03:11:37","/uploads/properties/prop_69d1859195baa.jpg",NULL,NULL,"1100.00","38","2","2","0","2","1","2021","fully_furnished","[""swimming_pool"", ""sauna"", ""roof_garden"", ""maids_room"", ""bbq_area"", ""pool_bar"", ""hot_water_solar"", ""hot_water_electric"", ""main_line_water"", ""electricity_three"", ""solar_power""]","94","2026-04-22 10:25:48",NULL,NULL,NULL,"Rajagiriya","Colombo",NULL,NULL,NULL,NULL,NULL
"82","RA-000046","46","rent","Capital Heights 2 bedrooms Rent - Rajagiriya","29 D 2 type fully furnished unit","apartment","Rajagiriya","unallocated","2","280000.00","2026-04-05 03:11:40","/uploads/properties/prop_69d1859445d11.jpg",NULL,NULL,"1100.00","38","2","2","0","2","1","2021","fully_furnished","[""swimming_pool"", ""sauna"", ""roof_garden"", ""maids_room"", ""bbq_area"", ""pool_bar"", ""hot_water_solar"", ""hot_water_electric"", ""main_line_water"", ""electricity_three"", ""solar_power""]","95","2026-04-22 10:25:48","2026-04-05 03:59:20",NULL,NULL,"Rajagiriya","Colombo",NULL,NULL,NULL,NULL,NULL
"83","SA-000047","47","sale","Capital Heights 2 bedrooms sale - Rajagiriya","16 D 1 apartment for sale","apartment","Rajagiriya","unallocated","2","73500000.00","2026-04-05 03:29:43","/uploads/properties/prop_69d189cf7a199.jpg",NULL,NULL,"1100.00","38","2","2","0","2","1","2021","fully_furnished","[""swimming_pool"", ""sauna"", ""roof_garden"", ""maids_room"", ""bbq_area"", ""pool_bar"", ""hot_water_electric"", ""main_line_water"", ""electricity_three"", ""solar_power""]","96","2026-04-22 10:25:48",NULL,NULL,NULL,"Rajagiriya","Colombo",NULL,NULL,NULL,NULL,NULL
"84","SA-000048","48","sale","Capital Heights 3 bedrooms sale - Rajagiriya","Apartment for sale 28 B1 Capital Heights","apartment","Rajagiriya","unallocated","2","106500000.00","2026-04-05 03:42:02","/uploads/properties/prop_69d18cb2703e0.jpg",NULL,NULL,"1890.00","38","3","3","0","3","1","2021","unfurnished","[""swimming_pool"", ""sauna"", ""roof_garden"", ""maids_room"", ""bbq_area"", ""pool_bar"", ""hot_water_electric"", ""main_line_water"", ""electricity_three""]","97","2026-04-22 10:25:48",NULL,NULL,NULL,"Rajagiriya","Colombo",NULL,NULL,NULL,NULL,NULL
"85","RA-000049","49","rent","On320 2 bedrooms rent Colombo 02","10th floor B2 unit Tower 1","apartment","Colombo 2","unallocated","2","400000.00","2026-04-05 03:58:30","/uploads/properties/prop_69d1908eb8abd.jpeg",NULL,NULL,"1030.00","37","2","2","0","2","1","2017","fully_furnished","[""swimming_pool"", ""sauna"", ""roof_garden"", ""maids_room"", ""bbq_area"", ""pool_bar"", ""hot_water_electric"", ""main_line_water"", ""electricity_three"", ""solar_power""]","98","2026-04-22 10:25:48",NULL,NULL,NULL,"Colombo 2","Colombo",NULL,NULL,NULL,NULL,NULL
"86","SA-000050","50","sale","Iconic 110 2 bedrooms sale - Rajajgiriya","5 D sale","apartment","Rajagiriya","unallocated","2","65000000.00","2026-04-05 04:17:22","/uploads/properties/prop_69d194fa8f6c1.jpg",NULL,NULL,"1200.00","37","2","2","0","2","1","2017","semi_furnished","[""swimming_pool"", ""sauna"", ""roof_garden"", ""maids_room"", ""bbq_area"", ""hot_water_electric"", ""main_line_water"", ""electricity_three""]","99","2026-04-22 10:25:48",NULL,NULL,NULL,"Rajagiriya","Colombo",NULL,NULL,NULL,NULL,NULL
"87","SA-000051","51","sale","ICC 2 bedrooms sale - Kotte","21st floor furnished apartment sale","apartment","Kotte","unallocated","2","62000000.00","2026-04-05 04:34:59","/uploads/properties/prop_69d1991b0bf03.jpeg",NULL,NULL,"823.00","22","2","2",NULL,"2","1",NULL,"fully_furnished","[""swimming_pool"", ""roof_garden"", ""bbq_area"", ""pool_bar"", ""hot_water_electric"", ""main_line_water"", ""electricity_three"", ""solar_power"", ""fire_alarm""]","100","2026-04-22 10:25:48",NULL,NULL,NULL,"Kotte","Colombo",NULL,NULL,NULL,NULL,NULL
"88","RA-000052","52","rent","Trizen 2bedrooms apartment at Rent","45th floor Tower 2 B1","apartment","Colombo 2","unallocated","2","550000.00","2026-04-05 11:07:14","/uploads/properties/prop_69d1f50a62ab7.jpeg",NULL,NULL,"721.00","50","2","2",NULL,"1","1",NULL,"fully_furnished","[""swimming_pool"", ""sauna"", ""roof_garden"", ""maids_room"", ""bbq_area"", ""hot_water_electric"", ""main_line_water"", ""electricity_three"", ""solar_power"", ""fire_alarm""]","101","2026-04-22 10:25:48",NULL,NULL,NULL,"Colombo 2","Colombo",NULL,NULL,NULL,NULL,NULL
"89","RA-000053","53","rent","Astoria 3 bedrooms apartment rent","She has apartment 32 D tower 2","apartment","Colombo 3","unallocated","2","725000.00","2026-04-06 20:12:33","/uploads/properties/prop_69d3c659566b0.jpeg",NULL,NULL,"1580.00","36","3","3","0","3","1","2019","fully_furnished","[""swimming_pool"", ""roof_garden"", ""maids_room"", ""bbq_area"", ""hot_water_electric"", ""main_line_water"", ""electricity_three"", ""fire_alarm""]","102","2026-04-22 10:25:48",NULL,NULL,NULL,"Colombo 3","Colombo",NULL,NULL,NULL,NULL,NULL
"90","RA-000054","54","rent","Jat residence 2 bedrooms rent - Kotte","7th floor","apartment",NULL,"unallocated","2","250000.00","2026-04-06 20:25:42","/uploads/properties/prop_69d3c96e0e712.jpeg",NULL,NULL,"1200.00","10","2","2","0","2","1","2020","fully_furnished","[""swimming_pool"", ""sauna"", ""roof_garden"", ""maids_room"", ""bbq_area"", ""hot_water_electric"", ""main_line_water"", ""electricity_three""]","103","2026-04-22 10:25:48",NULL,NULL,NULL,NULL,NULL,NULL,NULL,NULL,NULL,NULL
"91","RA-000055","55","rent","Emperor 3 bedr apartment for rent","14th floor 3 D","apartment","Colombo 3","unallocated","2","620000.00","2026-04-06 20:45:38","/uploads/properties/prop_69d3ce1a881d7.jpg",NULL,NULL,"1700.00","37","3","3","0","2","1","2011","fully_furnished","[""swimming_pool"", ""roof_garden"", ""maids_room"", ""bbq_area"", ""pool_bar"", ""hot_water_solar"", ""hot_water_electric"", ""electricity_three"", ""fire_alarm""]","104","2026-04-22 10:25:48",NULL,NULL,NULL,"Colombo 3","Colombo",NULL,NULL,NULL,NULL,NULL
"92","RA-000056","56","rent","Trillium 2 bedrooms apartment rent","Trillium 2 bedrooms apartment","apartment","Colombo 5","unallocated","2","325000.00","2026-04-06 20:57:48","/uploads/properties/prop_69d3d0f4c0cbd.jpeg",NULL,NULL,"800.00","15","2","2","0","2","1","2025","fully_furnished","[""swimming_pool"", ""roof_garden"", ""pool_bar"", ""hot_water_electric"", ""main_line_water"", ""electricity_three""]","105","2026-04-22 10:25:48",NULL,NULL,NULL,"Colombo 5","Colombo",NULL,NULL,NULL,NULL,NULL
"93","RA-000057","57","rent","Shnagri la 2 bedrooms rent - Colombo 1","50 D","apartment","Colombo 1","unallocated","2","930000.00","2026-04-06 21:09:33","/uploads/properties/prop_69d3d3b574b56.jpeg",NULL,NULL,"1760.00","51","2","2","0","2","1","2019","fully_furnished","[""swimming_pool"", ""sauna"", ""roof_garden"", ""maids_room"", ""bbq_area"", ""pool_bar"", ""hot_water_solar"", ""hot_water_electric"", ""main_line_water"", ""electricity_single"", ""electricity_three"", ""fire_alarm""]","106","2026-04-22 10:25:48",NULL,NULL,NULL,"Colombo 1","Colombo",NULL,NULL,NULL,NULL,NULL
"94","RA-000058","58","rent","On320 2 bedrooms Rent - Colombo 2","24 B1 Tower 2","apartment","Colombo 2","unallocated","2","385000.00","2026-04-06 21:38:06","/uploads/properties/prop_69d3da66e93ec.jpeg",NULL,NULL,"917.00",NULL,"2","2","0","2","1","2016","fully_furnished","[""swimming_pool"", ""sauna"", ""roof_garden"", ""bbq_area"", ""pool_bar"", ""hot_water_electric"", ""main_line_water"", ""electricity_three"", ""solar_power""]","107","2026-04-22 10:25:48",NULL,NULL,NULL,"Colombo 2","Colombo",NULL,NULL,NULL,NULL,NULL
"95","RA-000059","59","rent","Aquaria 2 bedrooms Colombo 5 - Rent","She owns an apartment at Aquaria 8th floor 6 th type furnished apartment","apartment","Colombo 5","unallocated","2","200000.00","2026-04-17 14:31:00","/uploads/properties/prop_69e1f6cb8b088.jpg",NULL,NULL,"700.00","9","2","2","0","2","1","2021","fully_furnished","[""swimming_pool"", ""roof_garden"", ""hot_water_electric"", ""main_line_water"", ""electricity_three"", ""solar_power"", ""fire_alarm""]","108","2026-04-22 10:25:48",NULL,NULL,NULL,"Colombo 5","Colombo",NULL,NULL,NULL,NULL,NULL
"96","RA-000060","60","rent","Aquaria 2 bedrooms rent - Colombo 5","He has an apartment on 8th floor furnished with the maids room large 2 bedrooms one","apartment","Colombo 5","unallocated","2","200000.00","2026-04-17 14:40:28","/uploads/properties/prop_69e1f903cf121.jpg",NULL,NULL,"1000.00","9","2","2","0","2","1","2021","fully_furnished","[""swimming_pool"", ""roof_garden"", ""maids_room"", ""bbq_area"", ""pool_bar"", ""hot_water_electric"", ""main_line_water"", ""electricity_three"", ""fire_alarm""]","109","2026-04-22 10:25:48",NULL,NULL,NULL,"Colombo 5","Colombo",NULL,NULL,NULL,NULL,NULL
"97","RA-000061","61","rent","Aquaria 2 bedrooms rent - Colombo 5","She has an apartment Aquaria water facing 3 /2","apartment","Colombo 5","unallocated","2","200000.00","2026-04-17 14:48:54","/uploads/properties/prop_69e1fafe06c4f.jpg",NULL,NULL,"900.00","9","2","2","0","2","1","2021","fully_furnished","[""swimming_pool"", ""roof_garden"", ""maids_room"", ""bbq_area"", ""hot_water_electric"", ""main_line_water"", ""electricity_three"", ""fire_alarm""]","110","2026-04-22 10:25:48",NULL,NULL,NULL,"Colombo 5","Colombo",NULL,NULL,NULL,NULL,NULL
"98","RA-000062","62","rent","Capital Heights 2 bedrooms Rent","35d1 apartment at Rajagiriya for rent","apartment","Rajagiriya","unallocated","2","280000.00","2026-04-17 14:56:37","/uploads/properties/prop_69e1fccdd8298.jpg",NULL,NULL,"1080.00","39","2","2","0","2","1","2021","fully_furnished","[""swimming_pool"", ""sauna"", ""roof_garden"", ""maids_room"", ""bbq_area"", ""hot_water_electric"", ""main_line_water"", ""electricity_three"", ""fire_alarm""]","111","2026-04-22 10:25:48",NULL,NULL,NULL,"Rajagiriya","Colombo",NULL,NULL,NULL,NULL,NULL
"99","RA-000063","63","rent","Capital heights 2 bedrooms rent - Rajagiriya","owns 17 D1","apartment","Rajagiriya","unallocated","2","280000.00","2026-04-17 15:03:03","/uploads/properties/prop_69e1fe4f2a2f2.jpg",NULL,NULL,"1080.00","39","2","2","0","2","1","2021","fully_furnished","[""swimming_pool""]","112","2026-04-22 10:25:48",NULL,NULL,NULL,"Rajagiriya","Colombo",NULL,NULL,NULL,NULL,NULL
"100","RA-000064","64","rent","Capital heights 2 bedrooms rent - Rajagiriya","owns 17 D1","apartment","Rajagiriya","unallocated","2","280000.00","2026-04-17 15:03:04","/uploads/properties/prop_69e1fe508efcb.jpg",NULL,NULL,NULL,"39","2","2","0","2","1","2021","fully_furnished","[""swimming_pool"", ""roof_garden"", ""maids_room"", ""bbq_area"", ""hot_water_electric"", ""main_line_water"", ""electricity_three"", ""fire_alarm""]","113","2026-04-22 10:25:48","2026-04-17 15:05:44",NULL,NULL,"Rajagiriya","Colombo",NULL,NULL,NULL,NULL,NULL
"101","RA-000065","65","rent","Capital heights 2 bedrooms - Rajagiriya","owns 28D 2","apartment","Rajagiriya","unallocated","2","280000.00","2026-04-17 15:05:23","/uploads/properties/prop_69e1fedb1361b.jpg",NULL,NULL,"1080.00","39","2","2","0","2","1","2021","fully_furnished","[""swimming_pool"", ""roof_garden"", ""maids_room"", ""bbq_area"", ""hot_water_electric"", ""main_line_water"", ""electricity_three"", ""fire_alarm""]","114","2026-04-22 10:25:48",NULL,NULL,NULL,"Rajagiriya","Colombo",NULL,NULL,NULL,NULL,NULL
"102","RA-000066","66","rent","Capital Heights 3 bedrooms rent - Rajagiriya","owns 35 C 2","apartment","Rajagiriya","unallocated","2","350000.00","2026-04-17 15:08:59","/uploads/properties/prop_69e1ffb3b6fcf.jpg",NULL,NULL,"1700.00","39","3","3","0","2","1","2021","fully_furnished","[""swimming_pool"", ""sauna"", ""roof_garden"", ""maids_room"", ""bbq_area"", ""hot_water_electric"", ""main_line_water"", ""electricity_three"", ""fire_alarm""]","115","2026-04-22 10:25:48",NULL,NULL,NULL,"Rajagiriya","Colombo",NULL,NULL,NULL,NULL,NULL
"103","RA-000067","67","rent","Capital Heights 3 bedrooms rent - Rajagiriya","25C2","apartment","Rajagiriya","unallocated","2","350000.00","2026-04-17 15:21:45","/uploads/properties/prop_69e202b13f3a6.jpg",NULL,NULL,"1700.00","39","3","3","0","2","1","2021","fully_furnished","[""swimming_pool"", ""sauna"", ""roof_garden"", ""maids_room"", ""bbq_area"", ""hot_water_electric"", ""main_line_water"", ""electricity_three"", ""fire_alarm""]","116","2026-04-22 10:25:48",NULL,NULL,NULL,"Rajagiriya","Colombo",NULL,NULL,NULL,NULL,NULL
"104","RA-000068","68","rent","Capital Height 2 bedrooms rent - Rajagiriya","33 D2","apartment","Rajagiriya","unallocated","2","280000.00","2026-04-17 15:26:04","/uploads/properties/prop_69e203b41d243.jpg",NULL,NULL,"1080.00","39","2","2","0","2","1","2021","fully_furnished","[""swimming_pool"", ""sauna"", ""roof_garden"", ""maids_room"", ""bbq_area"", ""pool_bar"", ""hot_water_electric"", ""main_line_water"", ""electricity_three""]","117","2026-04-22 10:25:48",NULL,NULL,NULL,"Rajagiriya","Colombo",NULL,NULL,NULL,NULL,NULL
"105","RA-000069","69","rent","Capital heights 3 bedrooms Rent - Rajagiriya","28B1","apartment","Rajagiriya","unallocated","2","280000.00","2026-04-17 15:49:09","/uploads/properties/prop_69e2091da1f94.jpg",NULL,NULL,"1980.00","39","3","3","0","2","1","2021","unfurnished","[""swimming_pool"", ""sauna"", ""roof_garden"", ""maids_room"", ""bbq_area"", ""hot_water_electric"", ""main_line_water"", ""electricity_three"", ""solar_power"", ""fire_alarm""]","118","2026-04-22 10:25:48",NULL,NULL,NULL,"Rajagiriya","Colombo",NULL,NULL,NULL,NULL,NULL
"106","RH-000070","70","rent","MataleHome","Test","house","Matale","unallocated","1","50000000.00","2026-04-22 20:21:06","prop_69e8e4360b92c.jpeg","3000.00","1500.00","1000.00","3","4","0","4","3","2","2000","semi_furnished","[""roof_garden"", ""bbq_area"", ""hot_water_electric"", ""main_line_water"", ""electricity_single"", ""cctv"", ""fire_alarm""]","148","2026-04-22 22:55:55",NULL,NULL,NULL,"Matale","Kandy",NULL,NULL,NULL,NULL,NULL
"107","RA-000071","71","rent","Capital heights 3 bedrooms rent - Rajagiriya","Capital Heights 29 A1","apartment","Rajagiriya","unallocated","2","350000.00","2026-04-23 09:31:57","prop_69e999b53bf418.30539153.jpg",NULL,NULL,"1980.00","39","3","3","0","4","1","2021",NULL,"[""swimming_pool"", ""sauna"", ""roof_garden"", ""maids_room"", ""bbq_area"", ""hot_water_electric"", ""main_line_water"", ""electricity_three""]","149","2026-04-23 09:31:57",NULL,NULL,NULL,"Rajagiriya","Colombo",NULL,NULL,"1","29.99",NULL
"108","RA-000072","72","rent","Capital heights 3 bedrooms Rent - Rajagiriya","23 A 1 apartment - capital Heights","apartment","Rajagiriya","unallocated","2","350000.00","2026-04-23 09:42:50","prop_69e99c42534ec8.56261499.jpg",NULL,NULL,"1980.00","39","3","3","0","4","1","2021",NULL,"[""swimming_pool"", ""sauna"", ""roof_garden"", ""maids_room"", ""bbq_area"", ""pool_bar"", ""hot_water_electric"", ""main_line_water"", ""electricity_three"", ""fire_alarm""]","150","2026-04-23 09:42:50",NULL,NULL,NULL,"Rajagiriya","Colombo",NULL,NULL,"1","29.99",NULL
"109","RA-000073","73","rent","Clearpoint 3 bedrooms rent - Rajagiriya","35 D Clearpoint","apartment","Rajagiriya","unallocated","2","350000.00","2026-04-23 10:29:12","prop_69e9a720ae18d4.71742244.jpg",NULL,NULL,"2400.00","46","3","3","0","4","1","2021",NULL,"[""swimming_pool"", ""sauna"", ""roof_garden"", ""maids_room"", ""bbq_area"", ""hot_water_electric"", ""main_line_water"", ""electricity_three"", ""solar_power"", ""fire_alarm""]","151","2026-04-23 10:29:12",NULL,NULL,NULL,"Rajagiriya","Colombo",NULL,NULL,"1","29.99",NULL
"110","RA-000074","74","rent","Iconic Galaxy 2 bedrooms rent - Rajagiriya","vv","apartment","Rajagiriya","unallocated","2","350000.00","2026-04-27 19:16:50","prop_69ef68c9a28846.54358211.jpg",NULL,NULL,"1205.00","34","2","2","0","2","1","2021",NULL,"[""swimming_pool"", ""roof_garden"", ""maids_room"", ""bbq_area"", ""pool_bar"", ""hot_water_electric"", ""main_line_water"", ""electricity_three"", ""fire_alarm""]","152","2026-04-27 19:16:50",NULL,NULL,NULL,"Rajagiriya","Colombo",NULL,NULL,"1","29.99",NULL
"111","RA-000075","75","rent","Prime Grand 2 bedrooms rent - Colombo 7","15/2 grand","apartment","Waard place","unallocated","2","450000.00","2026-04-27 20:49:56","prop_69ef7e9c0055c3.22682237.jpg",NULL,NULL,"1180.00","34","2","2","0","2","1","2021",NULL,"[""swimming_pool"", ""sauna"", ""roof_garden"", ""maids_room"", ""bbq_area"", ""pool_bar"", ""hot_water_electric"", ""main_line_water"", ""electricity_three""]","153","2026-04-27 20:49:56",NULL,NULL,NULL,"Colombo 7","Colombo",NULL,NULL,"1","29.99",NULL
"112","RA-000076","76","rent","On320 3 bedrooms rent - Colombo 2","31/A1","apartment","Union place","unallocated","2","450000.00","2026-04-27 21:00:22","prop_69ef810e9218a7.35104786.jpeg",NULL,NULL,"1300.00","37","3","3","0","2","1","2017",NULL,"[""swimming_pool"", ""sauna"", ""roof_garden"", ""maids_room"", ""bbq_area"", ""pool_bar"", ""hot_water_electric"", ""main_line_water"", ""electricity_three""]","154","2026-04-27 21:00:22",NULL,NULL,NULL,"Colombo 2","Colombo",NULL,NULL,"1","29.99",NULL
"113","RA-000077","77","rent","Monarch 2 bedrooms rent - Colombo 3","9/1 Monarch","apartment","Colombo 3","unallocated","2","450000.00","2026-04-27 21:02:18","main_69ef81f9ea210.jpg",NULL,NULL,"1000.00","37","2","2","0","2","1","2017",NULL,"[""swimming_pool"", ""roof_garden"", ""bbq_area"", ""pool_bar"", ""hot_water_electric"", ""main_line_water"", ""electricity_three"", ""fire_alarm""]","155","2026-04-27 21:04:17",NULL,NULL,NULL,"Colombo 3","Colombo",NULL,NULL,"1","29.99",NULL
"114","RA-000078","78","rent","Iconic Galaxy 2bedrooms rent - Rajagiriya","28/1 Iconic Galaxy","apartment","Rajagiriya","unallocated","2","330000.00","2026-04-27 21:20:37","prop_69ef85cda2ae01.55854173.jpg",NULL,NULL,"1205.00",NULL,"2","2","0","2","1","2022","fully_furnished","[""swimming_pool"", ""roof_garden"", ""maids_room"", ""bbq_area"", ""hot_water_electric"", ""main_line_water"", ""electricity_three"", ""fire_alarm""]","156","2026-04-27 21:20:37",NULL,NULL,NULL,"Rajagiriya","Colombo",NULL,NULL,NULL,NULL,NULL
"115","RA-000079","79","rent","Prime Grand 2 bedrooms rent - Colombo 7","2 bedrooms","apartment","Ward place","unallocated","2","500000.00","2026-04-27 21:26:37","prop_69ef87352197b1.83084629.jpg",NULL,NULL,"1179.99",NULL,"2","2","0","1","1","2022","fully_furnished","[""swimming_pool"", ""roof_garden"", ""maids_room"", ""bbq_area"", ""pool_bar"", ""hot_water_electric"", ""main_line_water"", ""electricity_three"", ""solar_power"", ""fire_alarm""]","157","2026-04-28 19:17:30",NULL,NULL,NULL,"Colombo 7","Colombo",NULL,NULL,NULL,NULL,NULL
"116","RA-000080","80","rent","Capital Twin peaks 2 bedrooms rent - Colombo 2","He owns capital twin peaks 17 th floor east tower","apartment","Staple Avenue","unallocated","2","430000.00","2026-04-28 19:13:01","prop_69f0b96565d507.70302009.jpg",NULL,NULL,"920.00","50","2","2","0","1","1","2022",NULL,"[""swimming_pool"", ""sauna"", ""roof_garden"", ""bbq_area"", ""pool_bar"", ""hot_water_electric"", ""main_line_water"", ""electricity_three"", ""solar_power"", ""fire_alarm""]","158","2026-04-28 19:17:49",NULL,NULL,NULL,"Colombo 2","Colombo",NULL,NULL,NULL,NULL,NULL
"117","RA-000081","81","rent","Capital Twin Peaks Rent - Colombo 2","33 B 1","apartment","Colombo 2","unallocated","2","450000.00","2026-04-28 19:44:11","prop_69f0c0b3413596.72972695.jpg",NULL,NULL,"920.00","50","2","2","0","2","1","2020",NULL,"[""swimming_pool"", ""sauna"", ""roof_garden"", ""maids_room"", ""bbq_area"", ""pool_bar"", ""hot_water_electric"", ""main_line_water"", ""electricity_three"", ""fire_alarm""]","159","2026-04-28 19:44:11",NULL,NULL,NULL,"Colombo 2","Colombo",NULL,NULL,"1","29.99",NULL
"118","RA-000082","82","rent","Capital Twin peaks 2bedrooms rent - Colombo 2","East tower","apartment","Colombo 2","unallocated","2","450000.00","2026-04-28 20:17:16","prop_69f0c874b8cba4.50531758.jpg",NULL,NULL,"920.00","50","2","2","0","2","1","2020",NULL,"[""swimming_pool"", ""roof_garden"", ""bbq_area"", ""hot_water_electric"", ""main_line_water"", ""electricity_three""]","160","2026-04-28 20:17:16",NULL,NULL,NULL,"Colombo 2","Colombo",NULL,NULL,"1","29.99",NULL
"119","RA-000083","83","rent","Capital Twin peaks 2 bedrooms rent - Colombo 2","West Tower","apartment","Colombo 2","unallocated","2","450000.00","2026-04-28 20:27:57","main_69f0cc1c97e80.jpg",NULL,NULL,"920.00","50","2","2","0","2","1","2020",NULL,"[""swimming_pool"", ""sauna"", ""roof_garden"", ""bbq_area"", ""pool_bar"", ""hot_water_electric"", ""main_line_water"", ""electricity_three""]","161","2026-04-28 20:32:52",NULL,NULL,NULL,"Colombo 2","Colombo",NULL,NULL,"1","29.99",NULL
"120","RA-000084","84","rent","Capital Twin peaks 2 bedrooms rent - Colombo 2","21East tower","apartment","Colombo 2","unallocated","2","450000.00","2026-04-28 20:38:28","prop_69f0cd6c65a950.57476657.jpg",NULL,NULL,"744.00","50","2","2","0","2","1","2020",NULL,"[""swimming_pool"", ""roof_garden"", ""bbq_area"", ""hot_water_electric"", ""main_line_water"", ""electricity_three""]","162","2026-04-28 20:38:28",NULL,NULL,NULL,"Colombo 2","Colombo",NULL,NULL,"1","29.99",NULL
"121","RA-000085","85","rent","Capital Twin peaks 2 bedrooms rent - Rajagiriya","East tower 24th floor","apartment","Colombo 2","unallocated","2","375000.00","2026-04-28 21:58:28","prop_69f0e02c89ca32.11793295.jpg",NULL,NULL,"744.00","50","2","2","0","2","1","2020",NULL,"[""swimming_pool"", ""roof_garden"", ""bbq_area"", ""hot_water_electric"", ""main_line_water"", ""electricity_three"", ""solar_power"", ""fire_alarm""]","163","2026-04-28 21:58:28",NULL,NULL,NULL,"Colombo 2","Colombo",NULL,NULL,"1","29.99",NULL
"122","RA-000086","86","rent","Cinnamon life 2 bedrooms rent - Colombo 2","7th floor suite  tower","apartment","Colombo 2","unallocated","2","500000.00","2026-04-28 22:09:07","prop_69f0e2ab645805.50874760.jpg",NULL,NULL,"1267.00","50","2","2","0","2","1","2021","fully_furnished","[""swimming_pool"", ""sauna"", ""roof_garden"", ""bbq_area"", ""pool_bar"", ""hot_water_electric"", ""main_line_water"", ""electricity_three"", ""fire_alarm""]","164","2026-04-28 22:09:07",NULL,NULL,NULL,"Colombo 2","Colombo",NULL,NULL,"1","29.99",NULL
"123","RA-000087","87","rent","Cinnamon life 2 bedrooms rent - Colombo 2","14th floor residence","apartment","Glennie road","unallocated","2","500000.00","2026-04-28 22:16:50","prop_69f0e47a8f3e00.39804854.jpg",NULL,NULL,"1267.00","50","2","2","0","2","1","2021",NULL,"[""swimming_pool"", ""sauna"", ""bbq_area"", ""pool_bar"", ""hot_water_electric"", ""main_line_water"", ""electricity_three"", ""solar_power"", ""fire_alarm""]","165","2026-04-28 22:16:50",NULL,NULL,NULL,"Colombo 2","Colombo",NULL,NULL,"1","29.99",NULL
"124","RA-000088","88","rent","Cinnamon life 2 bedrooms rent - Colombo 2","Owns 16th floor cinnamon life","apartment","Glennie road","unallocated","2","500000.00","2026-04-30 11:02:38","prop_69f2e9761abb36.00739251.jpg",NULL,NULL,"1267.00","50","2","2","0","2","1","2021",NULL,"[""swimming_pool"", ""sauna"", ""roof_garden"", ""bbq_area"", ""pool_bar"", ""hot_water_electric"", ""main_line_water"", ""electricity_three"", ""fire_alarm""]","166","2026-04-30 11:02:38",NULL,NULL,NULL,"Colombo 2","Colombo",NULL,NULL,"1","29.99",NULL
"125","RA-000089","89","rent","Cinnamon life 2bedrooms rent -Colombo 2","15th floor Residence road","apartment","Glennie road","unallocated","2","500000.00","2026-04-30 11:13:54","prop_69f2ec1a4e1d39.95183720.jpg",NULL,NULL,"1267.00","50","2","2","0","2","1","2021",NULL,"[""swimming_pool"", ""sauna"", ""roof_garden"", ""bbq_area"", ""pool_bar"", ""hot_water_electric"", ""main_line_water"", ""electricity_three"", ""fire_alarm""]","167","2026-04-30 11:13:54",NULL,NULL,NULL,"Colombo 2","Colombo",NULL,NULL,"1","29.99",NULL
"126","SA-000090","90","sale","Cinnamon life suite tower 2bedrooms sale - Colombo2","7th floor suite tower","apartment","Colombo 2","unallocated","2","150000000.00","2026-05-05 20:36:16","prop_69fa0768245732.02861838.jpg",NULL,NULL,"1267.00","50","2","2","0","2","1","2021",NULL,"[""swimming_pool"", ""roof_garden"", ""bbq_area"", ""pool_bar"", ""hot_water_electric"", ""main_line_water"", ""electricity_three""]","168","2026-05-05 20:36:16",NULL,NULL,NULL,"Colombo 2","Colombo",NULL,NULL,"1","29.99",NULL
"127","RA-000091","91","rent","Astoria 3bedrooms rent - Colombo 3",,"apartment","Duplication road","unallocated","2","475000.00","2026-05-07 18:16:25","prop_69fc89a18d6cb0.62617042.jpg",NULL,NULL,"1199.99",NULL,"3","3","0","2","1","2020","fully_furnished","[""swimming_pool"", ""roof_garden"", ""maids_room"", ""bbq_area"", ""hot_water_solar"", ""hot_water_electric"", ""main_line_water"", ""electricity_three"", ""solar_power""]","169","2026-05-07 18:26:13",NULL,NULL,NULL,"Colombo 3","Colombo 3",NULL,NULL,"12",NULL,NULL
"128","RA-000092","92","rent","Shangri la 3 bedrooms rent - Colombo 1",,"apartment","Galle road","unallocated","2","1200000.00","2026-05-07 18:42:58","prop_69fc8fda602fe3.31848289.jpg",NULL,NULL,"1800.00",NULL,"3","3","0","2","1","2021","fully_furnished","[""swimming_pool"", ""roof_garden"", ""maids_room"", ""bbq_area"", ""pool_bar"", ""hot_water_electric"", ""main_line_water"", ""electricity_three"", ""solar_power"", ""fire_alarm""]","170","2026-05-07 18:43:26",NULL,NULL,NULL,"Colombo 1","Colombo",NULL,NULL,"1200000",NULL,NULL
"129","RA-000093","93","rent","Shnagri la 2 bedrooms rent - Colombo 1",NULL,"apartment","Galle road","unallocated","2","900000.00","2026-05-07 18:53:50","prop_69fc9266a05fc7.53095636.jpg",NULL,NULL,"1800.00",NULL,"2","2","0","2","1","2021",NULL,"[""swimming_pool"", ""roof_garden"", ""maids_room"", ""bbq_area"", ""pool_bar"", ""hot_water_electric"", ""main_line_water"", ""electricity_three"", ""fire_alarm""]","171","2026-05-07 18:53:50",NULL,NULL,NULL,"Colombo 1","Colombo",NULL,NULL,"12",NULL,NULL
"130","RA-000094","94","rent","Shangri la  2bedrooms rent - Rajagiriya","37 E Shangri la East tower","apartment","Galle road","unallocated","2","900000.00","2026-05-07 19:00:55","prop_69fc940feea326.60618110.jpeg",NULL,NULL,"1764.00",NULL,"2","2","0","2","1","2021",NULL,"[""swimming_pool"", ""sauna"", ""roof_garden"", ""maids_room"", ""bbq_area"", ""pool_bar"", ""hot_water_electric"", ""main_line_water"", ""electricity_three"", ""solar_power"", ""fire_alarm""]","172","2026-05-07 19:00:55",NULL,NULL,NULL,"Colombo 1","Colombo",NULL,NULL,"12",NULL,NULL
"131","RA-000095","95","rent","Shangri la 2 bedrooms rent - Colombo 1","35th floor","apartment","Galle road","unallocated","2","900000.00","2026-05-07 19:28:43","prop_69fc9a93985259.27522708.jpeg",NULL,NULL,"1764.00",NULL,"2","2","0","2","1","2021",NULL,"[""swimming_pool"", ""sauna"", ""maids_room"", ""bbq_area"", ""pool_bar"", ""hot_water_electric"", ""main_line_water"", ""electricity_three"", ""solar_power"", ""fire_alarm""]","173","2026-05-07 19:32:31",NULL,NULL,NULL,"Colombo 1","Colombo",NULL,NULL,"12",NULL,NULL
"132","RA-000096","96","rent","Shangri la 4 bedrooms rent - Colombo 1",NULL,"apartment","Galle road","unallocated","2","1500000.00","2026-05-07 19:37:13","prop_69fc9c91c2ccd5.93984625.jpeg",NULL,NULL,"2999.99",NULL,"3","2","0","2","1","2021",NULL,"[""swimming_pool"", ""sauna"", ""roof_garden"", ""bbq_area"", ""pool_bar"", ""hot_water_electric"", ""main_line_water"", ""electricity_three"", ""solar_power"", ""fire_alarm""]","174","2026-05-07 19:37:13",NULL,NULL,NULL,"Colombo 1","Colombo",NULL,NULL,"12",NULL,NULL
"133","RA-000097","97","rent","Shangri la 2 bedrooms rent - Colombo 1","50D","apartment","Galle road","unallocated","2","900000.00","2026-05-07 19:45:23","prop_69fc9e7b526229.30114261.jpeg",NULL,NULL,"2999.99",NULL,"2","2","0","2","1","2021",NULL,"[""swimming_pool"", ""sauna"", ""roof_garden"", ""bbq_area"", ""pool_bar"", ""hot_water_electric"", ""main_line_water"", ""electricity_three"", ""fire_alarm""]","175","2026-05-07 19:45:23",NULL,NULL,NULL,"Colombo 1","Colombo",NULL,NULL,"12",NULL,NULL
"134","RA-000098","98","rent","Shangri la 3 bedrooms rent - Colombo 1","42C East Tower","apartment","Galle road","unallocated","2","1200000.00","2026-05-07 20:23:25","prop_69fca765b452c6.78357688.jpeg",NULL,NULL,"2999.99",NULL,"3","3","0","2","1","2021",NULL,"[""swimming_pool"", ""sauna"", ""roof_garden"", ""maids_room"", ""bbq_area"", ""pool_bar"", ""hot_water_electric"", ""main_line_water"", ""electricity_three"", ""fire_alarm""]","176","2026-05-07 20:23:25",NULL,NULL,NULL,"Colombo 1","Colombo",NULL,NULL,"12",NULL,NULL
"135","RA-000099","99","rent","Altair 3 bedrooms rent - Colombo 2",,"apartment","Staple street","unallocated","2","630000.00","2026-05-07 20:39:52","prop_69fcab4099e087.18299295.jpg",NULL,NULL,"1468.00",NULL,"3","3","0","2","1","2021","fully_furnished","[""swimming_pool"", ""sauna"", ""roof_garden"", ""maids_room"", ""bbq_area"", ""pool_bar"", ""hot_water_electric"", ""main_line_water"", ""electricity_three"", ""fire_alarm""]","177","2026-05-07 20:40:30",NULL,NULL,NULL,"Colombo 2","Colombo 2",NULL,NULL,"12",NULL,NULL
"136","RA-000100","100","rent","Altair 3 bedrooms rent - Colombo 2","Owns Altair , Sky gardens","apartment","Staple street","unallocated","2","630000.00","2026-05-07 20:44:19","prop_69fcac4bf32112.54642568.jpeg",NULL,NULL,"1468.00",NULL,"3","3","0","2","1","2021",NULL,"[""swimming_pool"", ""sauna"", ""roof_garden"", ""bbq_area"", ""pool_bar"", ""hot_water_electric"", ""main_line_water"", ""electricity_three"", ""solar_power""]","178","2026-05-07 20:44:36",NULL,NULL,NULL,"Colombo 2","Colombo 2",NULL,NULL,"12",NULL,NULL
"137","RA-000101","101","rent","Altair 3 bedrooms rent - Colombo 2","Altair","apartment","Staple street","unallocated","2","650000.00","2026-05-07 20:52:36","prop_69fcae3cb24a32.08946396.jpg",NULL,NULL,"1468.00",NULL,"3","3","0","2","1","2021",NULL,"[""swimming_pool"", ""sauna"", ""roof_garden"", ""bbq_area"", ""pool_bar"", ""hot_water_electric"", ""main_line_water"", ""electricity_three"", ""fire_alarm""]","179","2026-05-07 20:52:36",NULL,NULL,NULL,"Colombo 2","Colombo 2",NULL,NULL,"12",NULL,NULL
"138","RA-000102","102","rent","Altair 3 bedrooms rent - Colombo 2","Slopping tower 28 C","apartment","Staple street","unallocated","2","785000.00","2026-05-07 21:01:28","prop_69fcb05012a025.77554235.jpg",NULL,NULL,"1860.00",NULL,"3","3","0","2","1","2021",NULL,"[""swimming_pool"", ""sauna"", ""roof_garden"", ""bbq_area"", ""pool_bar"", ""hot_water_electric"", ""main_line_water"", ""electricity_three""]","180","2026-05-07 21:02:10",NULL,NULL,NULL,"Colombo 2","Colombo 2",NULL,NULL,"12",NULL,NULL
"139","RA-000103","103","rent","Altair 3 bedrooms Rent - Colombo 2","Altair Slopping tower","apartment","Staple street","unallocated","2","945000.00","2026-05-07 21:06:45","prop_69fcb18d560797.70845214.jpeg",NULL,NULL,"1860.00",NULL,"3","3","0","2","1","2021",NULL,"[""swimming_pool"", ""sauna"", ""roof_garden"", ""maids_room"", ""bbq_area"", ""pool_bar"", ""hot_water_electric"", ""main_line_water"", ""electricity_three""]","181","2026-05-07 21:06:45",NULL,NULL,NULL,"Colombo 2","Colombo 2",NULL,NULL,"12",NULL,NULL
"140","RA-000104","104","rent","Altair 3 bedrooms rent - Colombo 2","Lower floor Altair","apartment","Staple street","unallocated","2","945000.00","2026-05-07 21:11:08","prop_69fcb294250106.76657024.jpg",NULL,NULL,"2000.00",NULL,"3","3","0","2","1","2021",NULL,"[""swimming_pool"", ""sauna"", ""roof_garden"", ""maids_room"", ""bbq_area"", ""pool_bar"", ""hot_water_electric"", ""main_line_water"", ""electricity_three"", ""solar_power"", ""fire_alarm""]","182","2026-05-07 21:11:08",NULL,NULL,NULL,"Colombo 2","Colombo 2",NULL,NULL,"12",NULL,NULL
"141","RA-000105","105","rent","Altair 3 bedrooms rent - Colombo 2",NULL,"apartment","Colombo 2","unallocated","2","630000.00","2026-05-07 21:26:38","prop_69fcb635ca4be8.45813326.jpg",NULL,NULL,"1486.00",NULL,"3","3","0","2","1","2022","fully_furnished","[""swimming_pool"", ""sauna"", ""roof_garden"", ""maids_room"", ""bbq_area"", ""pool_bar"", ""hot_water_electric"", ""main_line_water"", ""electricity_three"", ""fire_alarm""]","183","2026-05-07 21:26:38",NULL,NULL,NULL,"Colombo 2","Colombo 2",NULL,NULL,"14",NULL,NULL
"142","RA-000106","106","rent","Altair 3 bedrooms rent - Colombo 2","26 E","apartment","Staple Avenue","unallocated","2","630000.00","2026-05-07 21:51:22","prop_69fcbc02018324.87824916.jpg",NULL,NULL,"1685.00",NULL,"3","3","0","2","1","2022",NULL,"[""swimming_pool"", ""sauna"", ""roof_garden"", ""bbq_area"", ""pool_bar"", ""hot_water_electric"", ""main_line_water"", ""electricity_three""]","184","2026-05-07 21:51:22",NULL,NULL,NULL,"Colombo 2","Colombo 2",NULL,NULL,"14",NULL,NULL
"143","RA-000107","107","rent","Altair 3 bedrooms rent - Colombo 2",NULL,"apartment","Staple Avenue","unallocated","2","630000.00","2026-05-07 22:00:05","prop_69fcbe0d87a531.88623682.jpg",NULL,NULL,"1900.00",NULL,"3","3","0","3","1","2022","fully_furnished","[""swimming_pool"", ""sauna"", ""roof_garden"", ""maids_room"", ""bbq_area"", ""pool_bar"", ""hot_water_electric"", ""main_line_water"", ""electricity_three""]","185","2026-05-07 22:00:05",NULL,NULL,NULL,"Colombo 2","Colombo 2",NULL,NULL,NULL,NULL,NULL
"144","RA-000108","108","rent","Altair 3 bedrooms rent - Colombo 2",NULL,"apartment","Staple Avenue","unallocated","2","600000.00","2026-05-07 22:06:12","prop_69fcbf7c2949e5.87942804.jpg",NULL,NULL,"1486.00",NULL,"3","3","0","3","1","2022",NULL,"[""swimming_pool"", ""sauna"", ""roof_garden"", ""bbq_area"", ""pool_bar"", ""hot_water_electric"", ""main_line_water"", ""electricity_three"", ""fire_alarm""]","186","2026-05-07 22:06:12",NULL,NULL,NULL,"Colombo 2","Colombo 2",NULL,NULL,NULL,NULL,NULL
"145","RA-000109","109","rent","Altair 3 bedrooms rent - Colombo 2",NULL,"apartment","Staple Avenue","unallocated","2","600000.00","2026-05-07 22:14:58","prop_69fcc18a231f04.82400987.jpeg",NULL,NULL,"1856.00",NULL,"3","3","0","3","1","2022",NULL,"[""swimming_pool"", ""sauna"", ""roof_garden"", ""maids_room"", ""bbq_area"", ""pool_bar"", ""hot_water_electric"", ""main_line_water"", ""electricity_three""]","187","2026-05-07 22:14:58",NULL,NULL,NULL,"Colombo 2","Colombo 2",NULL,NULL,NULL,NULL,NULL
"146","RA-000110","110","rent","Elements 3 bedrooms rent -Rajagiriya","owns 17 B Elements","apartment","Buthgamuwa road","unallocated","2","300000.00","2026-05-10 21:57:57","prop_6a00b20ded7982.31331290.jpeg",NULL,NULL,"1680.00",NULL,"3","3","0","2","2","2017","fully_furnished","[""swimming_pool"", ""roof_garden"", ""maids_room"", ""bbq_area"", ""hot_water_electric"", ""main_line_water"", ""electricity_three"", ""solar_power"", ""fire_alarm""]","188","2026-05-10 21:58:22",NULL,NULL,NULL,"Rajagiriya","Colombo",NULL,NULL,"12",NULL,NULL
"147","RA-000111","111","rent","Capital Twin peaks 3 bedrooms rent -Colombo 2","West tower","apartment","Staple street","unallocated","2","700000.00","2026-05-13 22:04:59","prop_6a04a8334256b4.79512913.jpeg",NULL,NULL,"1100.00",NULL,"3","3","0","2","1","2021","fully_furnished","[""swimming_pool"", ""sauna"", ""roof_garden"", ""bbq_area"", ""pool_bar"", ""hot_water_electric"", ""main_line_water"", ""electricity_three"", ""fire_alarm""]","192","2026-05-13 22:04:59",NULL,NULL,NULL,"Colombo 2","Colombo 2",NULL,NULL,"-1",NULL,NULL
"148","RA-000112","112","rent","Elements 3 bedrooms rent - Rajagiriya","He owns apaprtment at 26 B Elements","apartment","Buthgamuwa road","unallocated","2","300000.00","2026-05-15 09:43:51","prop_6a069d7f500e89.29471617.jpg",NULL,NULL,"1680.00",NULL,"3","3","0","2","2","2017",NULL,"[""swimming_pool"", ""roof_garden"", ""maids_room"", ""bbq_area"", ""hot_water_electric"", ""main_line_water"", ""electricity_three""]","196","2026-05-15 09:44:15",NULL,NULL,NULL,"Rajagiriya","Colombo",NULL,NULL,"12",NULL,NULL
"149","SA-000113","113","sale","Reliance residence 3 bedrooms sale - Battaramulla","5 th floor fully furnished sale","apartment","Battaramulla","unallocated","2","50000000.00","2026-05-15 09:59:29","prop_6a06a1298bc2b5.86374530.jpeg",NULL,NULL,"1199.99",NULL,"3","3","0","2","1","2015","fully_furnished","[""swimming_pool"", ""bbq_area"", ""hot_water_electric"", ""main_line_water"", ""electricity_three""]","197","2026-05-15 09:59:52",NULL,NULL,NULL,"Battaramulla","Battaramulla",NULL,NULL,NULL,NULL,NULL
"150","RA-000114","114","rent","Trizen 2 bedrooms rent - Colombo 2","25 B3 Trizen Tower 3","apartment","Braybrooke place","unallocated","2","425000.00","2026-05-15 23:37:34","prop_6a0760e6764833.65437240.jpeg",NULL,NULL,"750.98",NULL,"3","3","0","2","1","2024","fully_furnished","[""swimming_pool"", ""roof_garden"", ""pool_bar"", ""hot_water_electric"", ""main_line_water"", ""electricity_three"", ""fire_alarm""]","198","2026-05-15 23:37:34",NULL,NULL,NULL,"Colombo 2","Colombo 2",NULL,NULL,"12",NULL,NULL
"151","RA-000115","115","rent","Trizen 3 bedrooms rent - Colombo 2","owns 22 C3  Tower 1","apartment","Braybrooke place","unallocated","2","425000.00","2026-05-16 00:26:34","prop_6a076c62a32830.31800209.jpg",NULL,NULL,"1020.00",NULL,"3","3","0","2","1","2024",NULL,"[""swimming_pool"", ""roof_garden"", ""bbq_area"", ""pool_bar"", ""hot_water_electric"", ""electricity_three"", ""solar_power""]","199","2026-05-16 00:26:34",NULL,NULL,NULL,"Colombo 2","Colombo 2",NULL,NULL,"12",NULL,NULL
"152","RA-000116","116","rent","Trizen 3 bedrooms rent - Colombo 2","22 C4 Trizen to Raymon","apartment","Braybrooke place","unallocated","2","430000.00","2026-05-16 00:38:39","prop_6a076f36f2ef81.35845813.jpg",NULL,NULL,"1045.00",NULL,"3","3","0","2","1","2024",NULL,"[""swimming_pool"", ""sauna"", ""roof_garden"", ""bbq_area"", ""pool_bar"", ""hot_water_electric"", ""main_line_water"", ""electricity_three""]","200","2026-05-16 00:38:39",NULL,NULL,NULL,"Colombo 2","Colombo 2",NULL,NULL,"12",NULL,NULL
"153","RA-000117","117","rent","Capital Heights 2 bedrooms rent - Rajagiriya","owns 34 D1","apartment","Buthgamuwa road","unallocated","2","280000.00","2026-05-16 00:48:24","prop_6a077180d56a52.25271656.jpg",NULL,NULL,"1180.00",NULL,"2","2","0","2","1","2017",NULL,"[""swimming_pool"", ""sauna"", ""roof_garden"", ""bbq_area"", ""hot_water_electric"", ""main_line_water"", ""electricity_three""]","201","2026-05-16 00:49:52","2026-05-16 00:49:52",NULL,NULL,"Rajagiriya","Colombo",NULL,NULL,NULL,NULL,NULL
"154","RA-000118","118","rent","Prime Grand 3 bedrooms Rent - Colombo 7","She owns 14 /6 at Grand","apartment","Ward place","unallocated","2","650000.00","2026-05-17 17:03:17","prop_6a09a77d5bf397.48603419.jpeg",NULL,NULL,"1480.00",NULL,"3","3","0","2","1","2022","fully_furnished","[""swimming_pool"", ""sauna"", ""roof_garden"", ""maids_room"", ""bbq_area"", ""pool_bar"", ""hot_water_electric"", ""main_line_water"", ""electricity_three"", ""fire_alarm""]","202","2026-05-17 17:03:17",NULL,NULL,NULL,"Colombo 7","colombo",NULL,NULL,"12",NULL,NULL
"155","RA-000119","119","rent","Aquaria 2 bedrooms rent - Colombo 5","8/6","apartment","Kirimanadala mawatha","unallocated","2","200000.00","2026-05-17 17:47:28","main_6a09b24fcc855.jpg",NULL,NULL,"679.98",NULL,"2","2","0","1","0",NULL,NULL,"[""swimming_pool"", ""roof_garden"", ""bbq_area"", ""hot_water_electric"", ""main_line_water"", ""electricity_three""]","205","2026-05-17 17:49:28",NULL,NULL,NULL,"Colombo 5","Colombo 5",NULL,NULL,"11",NULL,NULL
"156","RA-000120","120","rent","Capital Heights 2 bedrooms rent - Rajagiriya","Capital Heights 2 bedrooms","apartment","Buthgamuwa road","unallocated","2","280000.00","2026-05-17 20:42:35","prop_6a09dae3e4f703.00250799.jpeg",NULL,NULL,"1179.99",NULL,"2","2","0","2","1","2021","fully_furnished","[""swimming_pool"", ""roof_garden"", ""maids_room"", ""bbq_area"", ""hot_water_electric"", ""main_line_water"", ""electricity_three""]","206","2026-05-17 20:42:48",NULL,NULL,NULL,"Rajagiriya","Colombo",NULL,NULL,NULL,NULL,NULL
"157","RA-000121","121","rent","Astoria 3 bedrooms rent - Colombo 3","5B Astoria Tower 2","apartment","Duplication road","unallocated","2","480000.00","2026-05-21 10:38:30","prop_6a0e934e5e7937.18056478.jpeg",NULL,NULL,"1280.00","35","3","3","0","2","1",NULL,"unfurnished","[""swimming_pool"", ""sauna"", ""roof_garden"", ""bbq_area"", ""hot_water_electric"", ""main_line_water"", ""electricity_three""]","207","2026-05-21 10:38:30",NULL,NULL,NULL,"Colombo 3","Colombo 3",NULL,NULL,"11",NULL,NULL
"158","RA-000122","122","rent","Elements 3  bedrooms rent - Rajagiriya","16 B Elements","apartment","Buthgamuwa road","unallocated","2","300000.00","2026-05-21 12:38:49","prop_6a0eaf81624779.74521541.jpg",NULL,NULL,"1680.00",NULL,"3","3","0","2","1","2017","fully_furnished","[""swimming_pool"", ""roof_garden"", ""maids_room"", ""bbq_area"", ""pool_bar"", ""hot_water_electric"", ""main_line_water"", ""electricity_three""]","208","2026-05-21 12:39:13",NULL,NULL,NULL,"Rajagiriya","Rajagiriya",NULL,NULL,"11",NULL,NULL
"159","SA-000123","123","sale","Fairmount 3bedrooms rent - Rajagiriya","12 D Fairmount","apartment","Buthgamuwa road","unallocated","2","71000000.00","2026-05-27 14:25:04","prop_6a16b1681675d4.36856148.jpg",NULL,NULL,"1580.00",NULL,"3","3","0","2","1","2015",NULL,"[""swimming_pool"", ""sauna"", ""roof_garden"", ""maids_room"", ""bbq_area"", ""pool_bar"", ""hot_water_electric"", ""main_line_water""]","209","2026-05-27 14:25:04",NULL,NULL,NULL,"Rajagiriya","Colombo",NULL,NULL,"11",NULL,NULL
"160","SA-000124","124","sale","Prime Grand 3 bedrooms sale - Colombo 7","26D","apartment","Ward place","unallocated","2","147000000.00","2026-05-27 14:40:31","prop_6a16b5079c6647.94930065.jpeg",NULL,NULL,"1480.00","32","3","3","0","2","1",NULL,"fully_furnished","[""swimming_pool"", ""sauna"", ""roof_garden"", ""maids_room"", ""bbq_area"", ""pool_bar"", ""hot_water_electric"", ""main_line_water"", ""electricity_three""]","210","2026-05-27 14:40:31",NULL,NULL,NULL,"Colombo 7","Colombo 7",NULL,NULL,NULL,NULL,NULL
"161","RA-000125","125","rent","Sky gardens 4 bedrooms apartment at Rajagiriya -Rent","21 A Apartment at Sky gardens fo rent","apartment","Buthgamuwa road","unallocated","2","430000.00","2026-05-29 09:46:16","prop_6a1913102c7a86.31927316.jpg",NULL,NULL,"2250.00","40",NULL,"4","4","4","2","2015","fully_furnished","[""swimming_pool"", ""sauna"", ""roof_garden"", ""maids_room"", ""bbq_area"", ""pool_bar"", ""hot_water_electric"", ""main_line_water"", ""electricity_three""]","211","2026-05-29 09:46:16",NULL,NULL,NULL,"Rajagiriya","Colombo",NULL,NULL,"11",NULL,NULL
"162","SA-000126","126","sale","Sky Gardens 2 bedrooms Sale - Rajajgiriya","owns 10D Sky gardens","apartment","Buthgamuwa road","unallocated","2","60000000.00","2026-06-01 12:47:35","prop_6a1d320f1b7108.35025553.jpeg",NULL,NULL,"1100.00","40","2","2","2","2","1","2015",NULL,"[""swimming_pool"", ""sauna"", ""roof_garden"", ""bbq_area"", ""pool_bar"", ""hot_water_electric"", ""main_line_water"", ""electricity_three""]","212","2026-06-01 12:48:04",NULL,NULL,NULL,"Rajagiriya","Colombo",NULL,NULL,"11",NULL,NULL
"164","SA-000127","127","sale","Elements  3bedrooms sale - Rajajgiriya","12 D Elements","apartment","Buthgamuwa road","unallocated","2","95000000.00","2026-06-01 13:01:23","prop_6a1d354b400f38.80220932.jpg",NULL,NULL,"1680.00","40","3","3","0","2","1","2017",NULL,"[""swimming_pool"", ""sauna"", ""roof_garden"", ""maids_room"", ""bbq_area"", ""pool_bar"", ""hot_water_electric"", ""main_line_water"", ""electricity_three""]","214","2026-06-01 13:01:58",NULL,NULL,NULL,"Rajagiriya","Colombo",NULL,NULL,"11",NULL,NULL
"165","SA-000128","128","sale","Altair 3 bedrooms Sale - Colombo 2","35F","apartment","Altair Street","unallocated","2","137000000.00","2026-06-01 13:22:28","prop_6a1d3a3c107512.80287780.jpeg",NULL,NULL,"1486.00",NULL,"3","3","0","2","1","2020","fully_furnished","[""swimming_pool"", ""sauna"", ""roof_garden"", ""maids_room"", ""bbq_area"", ""pool_bar"", ""hot_water_electric"", ""main_line_water"", ""electricity_three""]","215","2026-06-01 13:22:28",NULL,NULL,NULL,"Colombo 2","Colombo 2",NULL,NULL,NULL,NULL,NULL
"166","SA-000129","129","sale","Capital Heights 3bedrooms sale - Rajagiriya","24 A1 on Capital Heights","apartment","Buthgamuwa road","unallocated","2","115000000.00","2026-06-03 12:25:00","prop_6a1fcfc45ec731.42732411.jpeg",NULL,NULL,"1960.00","39","3","3","0","3","1","2020","semi_furnished","[""swimming_pool"", ""sauna"", ""roof_garden"", ""maids_room"", ""bbq_area"", ""pool_bar"", ""hot_water_electric"", ""main_line_water"", ""electricity_three""]","216","2026-06-03 12:38:57",NULL,NULL,NULL,"Rajagiriya","Colombo",NULL,NULL,NULL,NULL,NULL
"167","SA-000130","130","sale","Iconic Galaxy 3 bedrooms largest layout sale  - Rajagiriya","25G type","apartment","Buthgamuwa road","unallocated","2","95000000.00","2026-06-03 13:04:42","prop_6a1fd912dd8b25.99783039.jpg",NULL,NULL,"1640.00","39","3","3","0","3","1","2020","unfurnished","[""swimming_pool"", ""sauna"", ""roof_garden"", ""maids_room"", ""bbq_area"", ""pool_bar"", ""hot_water_electric"", ""main_line_water"", ""electricity_three"", ""fire_alarm""]","217","2026-06-03 13:07:41",NULL,NULL,NULL,"Rajagiriya","Rajagiriya",NULL,NULL,NULL,NULL,NULL
"168","RA-000131","131","rent","Cinnamon life 2 bedrooms rent -Colombo 2","13 B 2","apartment","Glennie street","unallocated","2","650000.00","2026-06-03 13:33:12","prop_6a1fdfc0453d12.84960080.jpeg",NULL,NULL,"1263.00",NULL,"2","2","0","2","1","2022","fully_furnished","[""swimming_pool"", ""sauna"", ""roof_garden"", ""bbq_area"", ""pool_bar"", ""hot_water_electric"", ""main_line_water"", ""electricity_three""]","218","2026-06-03 14:22:43",NULL,NULL,NULL,"Colombo 2","Colombo",NULL,NULL,"12",NULL,NULL
"169","RA-000132","132","rent","Capital Twin peaks 2 bedrooms rent - Colombo 2",,"apartment","Altair street","unallocated","2","650000.00","2026-06-03 14:21:57","prop_6a1feb2d2a8916.48509754.jpeg",NULL,NULL,"1300.00",NULL,"2","2","0","2","1","2022","fully_furnished","[""swimming_pool"", ""sauna"", ""roof_garden"", ""bbq_area"", ""pool_bar"", ""hot_water_electric"", ""main_line_water"", ""electricity_three""]","219","2026-06-03 14:22:21",NULL,NULL,NULL,"Colombo 2","Colombo",NULL,NULL,"12",NULL,NULL
"170","RA-000133","133","rent","Fairmount 3 bedrooms apaprtment rent - Rajajgiriya","18C","apartment","Rajagiriya","unallocated","1","350000.00","2026-06-08 17:36:44","prop_6a26b0544c6979.89499247.jpg",NULL,NULL,"1580.00",NULL,"3","3","0","2","1",NULL,"fully_furnished","[""swimming_pool"", ""sauna"", ""roof_garden"", ""maids_room"", ""bbq_area"", ""pool_bar"", ""hot_water_electric"", ""main_line_water"", ""electricity_three""]","220","2026-06-08 17:36:44",NULL,NULL,NULL,"Rajagiriya","Colombo",NULL,NULL,"11",NULL,NULL
"171","SA-000134","134","sale","Capital Heights 3 bedrooms sale - Rajajgiriya","34A2","apartment","Rajagiriya","unallocated","1","130000000.00","2026-06-20 17:20:30","main_6a367ea213351.jpg",NULL,NULL,"1980.00","38","3","3","0","3","2","2022","unfurnished","[""swimming_pool"", ""sauna"", ""roof_garden"", ""maids_room"", ""bbq_area"", ""pool_bar"", ""hot_water_solar"", ""hot_water_electric"", ""main_line_water"", ""electricity_three""]","221","2026-06-20 17:20:58",NULL,NULL,NULL,"Rajagiriya","Colombo",NULL,NULL,NULL,NULL,NULL
"172","RA-000135","135","rent","Rozmead towers 3 bedrooms rent - Colombo 7",,"apartment","Rozmead place","unallocated","1","375000.00","2026-06-20 17:39:52","prop_6a3683100d3b00.69453953.jpg",NULL,NULL,"2100.00","10","3","3","0","2","1",NULL,"fully_furnished","[""maids_room"", ""hot_water_electric"", ""main_line_water"", ""electricity_three""]","222","2026-06-20 17:40:19",NULL,NULL,NULL,"Colombo 7","Colombo",NULL,NULL,"12",NULL,NULL
"173","SA-000136","136","sale","The Address 606 3bedrooms sale - Colombo 3","45th floor tall tower 3 bedrooms 606","apartment","Galle road","unallocated","1","160000000.00","2026-06-22 12:56:16","prop_6a38e39819e2a7.26143082.jpeg",NULL,NULL,"1680.00","50","3","3","0","3","1","2024","unfurnished","[""swimming_pool"", ""sauna"", ""roof_garden"", ""maids_room"", ""bbq_area"", ""pool_bar"", ""hot_water_electric"", ""main_line_water"", ""electricity_three"", ""fire_alarm""]","223","2026-06-22 12:56:16",NULL,NULL,NULL,"Colombo 3","Colombo",NULL,NULL,NULL,NULL,NULL
"174","SA-000137","137","sale","The Address 606 2 bedrooms apaprtment at Colombo 3 for sale",NULL,"apartment","Galle road","unallocated","1","90000000.00","2026-06-22 13:10:47","prop_6a38e6ff2a2950.37581897.jpeg",NULL,NULL,"1050.00",NULL,"2","2","0","2","1","2022","unfurnished","[""swimming_pool"", ""sauna"", ""roof_garden"", ""maids_room"", ""bbq_area"", ""pool_bar"", ""hot_water_electric"", ""main_line_water"", ""electricity_three"", ""fire_alarm""]","224","2026-06-22 13:10:47",NULL,NULL,NULL,"Colombo 3","Colombo",NULL,NULL,NULL,NULL,NULL
"175","SA-000138","138","sale","CCC 3 bedrooms sale - Colombo 2",,"apartment","Colombo 2","unallocated","1","275000000.00","2026-06-22 14:01:57","main_6a38f44edb7b5.jpeg",NULL,NULL,"2118.00",NULL,"3","3","0","2","1","2020","unfurnished","[""swimming_pool"", ""sauna"", ""roof_garden"", ""maids_room"", ""bbq_area"", ""pool_bar"", ""hot_water_electric"", ""main_line_water"", ""electricity_three"", ""fire_alarm""]","225","2026-06-22 14:07:34",NULL,NULL,NULL,"Colombo 2","Colombo",NULL,NULL,NULL,NULL,NULL
"176","SA-000139","139","sale","Capital Heights 3 bedrooms unfurnished  sale - Rajagiriya","28 B1","apartment","Buthgamuwa road","unallocated","1","107000000.00","2026-06-22 14:27:11","prop_6a38f8e70b02e8.08441917.jpg",NULL,NULL,"1890.00",NULL,"3","3","0","3","1","2021","unfurnished","[""swimming_pool"", ""sauna"", ""roof_garden"", ""maids_room"", ""bbq_area"", ""pool_bar"", ""hot_water_electric"", ""main_line_water"", ""electricity_three"", ""fire_alarm""]","226","2026-06-22 14:27:42",NULL,NULL,NULL,"Rajajgiriya","Colombo",NULL,NULL,NULL,NULL,NULL
"177","RA-000140","140","rent","Fairway Sky gardens 3 bedrooms for rent -Rajagiriya","10 E","apartment","Buthgamuwa road","unallocated","1","335000.00","2026-07-27 20:08:14","prop_6a676d56aecaa4.40326035.jpeg",NULL,NULL,"1480.00","30","3","3","0","2",NULL,NULL,NULL,"[""swimming_pool"", ""roof_garden"", ""maids_room"", ""bbq_area"", ""hot_water_solar"", ""hot_water_electric"", ""main_line_water"", ""electricity_three""]","227","2026-07-27 20:08:37",NULL,NULL,NULL,"Rajagiriya","Colombo",NULL,NULL,"12",NULL,NULL
"178","RA-000141","141","rent","Iconic Galaxy 2 bedrooms rent - Rajajgiriya","Highest catogery furnished apaprtment at Iconic Galacy","apartment","Rajagiriya","unallocated","1","330000.00","2026-07-27 20:24:10","prop_6a6771129c56b8.70723460.jpeg",NULL,NULL,"1205.00",NULL,"2","2","0","2","1","2022",NULL,"[""swimming_pool"", ""roof_garden"", ""maids_room"", ""bbq_area"", ""hot_water_electric"", ""main_line_water"", ""electricity_three""]","228","2026-07-27 20:24:10",NULL,NULL,NULL,"Rajagiriya","Colombo",NULL,NULL,"12",NULL,NULL
"179","RA-000142","142","rent","Trizen 2 bedrooms rent - Colombo 2","He owns Tower 3 26 B 3 apaprtment","apartment","Union place","unallocated","1","430000.00","2026-07-27 20:34:55","prop_6a6773976bcd98.59902195.jpeg",NULL,NULL,"731.00","50","2","2","0","1","1","2025","fully_furnished","[""swimming_pool"", ""roof_garden"", ""bbq_area"", ""pool_bar"", ""hot_water_electric"", ""main_line_water"", ""electricity_three""]","229","2026-07-27 20:39:08",NULL,NULL,NULL,"Colombo 2","Colombo",NULL,NULL,"12",NULL,NULL
"180","RA-000143","143","rent","Sky gardens 3 bedrooms rent - Rajagiriya",NULL,"apartment","Buthgamuwa road","unallocated","1","350000.00","2026-07-27 20:58:50","prop_6a67793269eb93.62974778.jpeg",NULL,NULL,"1480.00",NULL,"3","3","0","2","2",NULL,"fully_furnished","[""swimming_pool"", ""roof_garden"", ""maids_room"", ""bbq_area"", ""hot_water_electric"", ""main_line_water"", ""electricity_three""]","230","2026-07-27 20:58:50",NULL,NULL,NULL,"Rajagiriya","Colombo",NULL,NULL,"12",NULL,NULL
